UID,Alias,Overall_Pass,Status_Val,Status_Pass,Dist_mm,Dist_Pass,Temp_C,Temp_Pass,Volt_V,Volt_Pass,Errors
1,8,True,1,True,-99.0,True,17.299999237060547,True,12.038902282714844,True,
2,7,True,1,True,-99.0,True,16.399999618530273,True,11.967242240905762,True,
3,6,True,1,True,-99.0,True,16.299999237060547,True,12.003072738647461,True,
4,5,True,1,True,-99.0,True,16.100000381469727,True,11.8687105178833,True,
5,4,True,1,True,-99.0,True,16.899999618530273,True,11.976200103759766,True,
6,3,True,1,True,-99.0,True,17.100000381469727,True,11.931412696838379,True,
7,2,True,1,True,-99.0,True,17.5,True,11.958285331726074,True,
8,1,True,1,True,-99.0,True,17.0,True,11.98515796661377,True,
