UID,Alias,Overall_Pass,Status_Val,Status_Pass,Dist_mm,Dist_Pass,Temp_C,Temp_Pass,Volt_V,Volt_Pass,Errors
1,8,True,1,True,-99.0,True,20.600000381469727,True,12.038902282714844,True,
2,7,True,1,True,-99.0,True,19.600000381469727,True,11.958285331726074,True,
3,6,True,1,True,-99.0,True,19.600000381469727,True,11.994114875793457,True,
4,5,True,1,True,-99.0,True,19.399999618530273,True,11.877668380737305,True,
5,4,True,1,True,-99.0,True,20.200000762939453,True,11.976200103759766,True,
6,3,True,1,True,-99.0,True,20.399999618530273,True,11.931412696838379,True,
7,2,True,1,True,-99.0,True,21.100000381469727,True,11.958285331726074,True,
8,1,True,1,True,-99.0,True,20.100000381469727,True,11.98515796661377,True,
