UID,Alias,Overall_Pass,Status_Val,Status_Pass,Dist_mm,Dist_Pass,Temp_C,Temp_Pass,Volt_V,Volt_Pass,Errors
1,8,True,1,True,-99.0,True,19.5,True,11.877668380737305,True,
2,7,True,1,True,-99.0,True,18.600000381469727,True,11.797051429748535,True,
3,6,True,1,True,-99.0,True,18.5,True,11.85079574584961,True,
4,5,True,1,True,-99.0,True,18.399999618530273,True,11.716434478759766,True,
5,4,True,1,True,-99.0,True,19.0,True,11.832880973815918,True,
6,3,True,1,True,-99.0,True,19.399999618530273,True,11.779136657714844,True,
7,2,True,1,True,-99.0,True,19.299999237060547,True,11.788093566894531,True,
8,1,True,1,True,-99.0,True,19.200000762939453,True,11.823923110961914,True,
