UID,Alias,Overall_Pass,Status_Val,Status_Pass,Dist_mm,Dist_Pass,Temp_C,Temp_Pass,Volt_V,Volt_Pass,Errors
1020904228,4,TRUE,1,TRUE,-99,TRUE,18.100000381469727,TRUE,11.877668380737305,TRUE,
1020904222,3,TRUE,1,TRUE,-99,TRUE,16.299999237060547,TRUE,11.877668380737305,TRUE,
1020904214,2,TRUE,1,TRUE,-99,TRUE,17.600000381469727,TRUE,11.931412696838379,TRUE,
1020904216,1,TRUE,1,TRUE,-99,TRUE,17.5,TRUE,11.886625289916992,TRUE,
