UID,Alias,Overall_Pass,Status_Val,Status_Pass,Dist_mm,Dist_Pass,Temp_C,Temp_Pass,Volt_V,Volt_Pass,Errors
1020904228,4,True,1,True,-99.0,True,18.100000381469727,True,11.877668380737305,True,
1020904222,3,True,1,True,-99.0,True,16.299999237060547,True,11.877668380737305,True,
1020904214,2,True,1,True,-99.0,True,17.600000381469727,True,11.931412696838379,True,
1020904216,1,True,1,True,-99.0,True,17.5,True,11.886625289916992,True,
