UID,Alias,Overall_Pass,Status_Val,Status_Pass,Dist_mm,Dist_Pass,Temp_C,Temp_Pass,Volt_V,Volt_Pass,Errors
1,8,True,1,True,-99.0,True,14.699999809265137,True,12.012029647827148,True,
2,7,True,1,True,-99.0,True,13.699999809265137,True,11.922455787658691,True,
3,6,True,1,True,-99.0,True,13.699999809265137,True,11.976200103759766,True,
4,5,True,1,True,-99.0,True,13.5,True,11.841838836669922,True,
5,4,True,1,True,-99.0,True,14.100000381469727,True,11.958285331726074,True,
6,3,True,1,True,-99.0,True,14.5,True,11.904540061950684,True,
7,2,True,1,True,-99.0,True,14.699999809265137,True,11.922455787658691,True,
8,1,True,1,True,-99.0,True,14.300000190734863,True,11.958285331726074,True,
